level,id,name,slug,asd_code
county,18001,Adams,adams,1830
county,18003,Allen,allen,1830
county,18005,Bartholomew,bartholomew,1850
county,18007,Benton,benton,1810
county,18009,Blackford,blackford,1860
county,18011,Boone,boone,1850
county,18013,Brown,brown,1880
county,18015,Carroll,carroll,1820
county,18017,Cass,cass,1820
county,18019,Clark,clark,1890
county,18021,Clay,clay,1840
county,18023,Clinton,clinton,1850
county,18025,Crawford,crawford,1880
county,18027,Daviess,daviess,1870
county,18029,Dearborn,dearborn,1890
county,18031,Decatur,decatur,1850
county,18033,DeKalb,dekalb,1830
county,18035,Delaware,delaware,1860
county,18037,Dubois,dubois,1870
county,18039,Elkhart,elkhart,1820
county,18041,Fayette,fayette,1860
county,18043,Floyd,floyd,1880
county,18045,Fountain,fountain,1840
county,18047,Franklin,franklin,1890
county,18049,Fulton,fulton,1820
county,18051,Gibson,gibson,1870
county,18053,Grant,grant,1850
county,18055,Greene,greene,1870
county,18057,Hamilton,hamilton,1850
county,18059,Hancock,hancock,1850
county,18061,Harrison,harrison,1880
county,18063,Hendricks,hendricks,1850
county,18065,Henry,henry,1860
county,18067,Howard,howard,1850
county,18069,Huntington,huntington,1830
county,18071,Jackson,jackson,1880
county,18073,Jasper,jasper,1810
county,18075,Jay,jay,1860
county,18077,Jefferson,jefferson,1890
county,18079,Jennings,jennings,1890
county,18081,Johnson,johnson,1850
county,18083,Knox,knox,1870
county,18085,Kosciusko,kosciusko,1820
county,18087,LaGrange,lagrange,1830
county,18089,Lake,lake,1810
county,18091,LaPorte,laporte,1810
county,18093,Lawrence,lawrence,1880
county,18095,Madison,madison,1850
county,18097,Marion,marion,1850
county,18099,Marshall,marshall,1820
county,18101,Martin,martin,1870
county,18103,Miami,miami,1820
county,18105,Monroe,monroe,1880
county,18107,Montgomery,montgomery,1840
county,18109,Morgan,morgan,1850
county,18111,Newton,newton,1810
county,18113,Noble,noble,1830
county,18115,Ohio,ohio,1890
county,18117,Orange,orange,1880
county,18119,Owen,owen,1840
county,18121,Parke,parke,1840
county,18123,Perry,perry,1880
county,18125,Pike,pike,1870
county,18127,Porter,porter,1810
county,18129,Posey,posey,1870
county,18131,Pulaski,pulaski,1810
county,18133,Putnam,putnam,1840
county,18135,Randolph,randolph,1860
county,18137,Ripley,ripley,1890
county,18139,Rush,rush,1850
county,18141,St. Joseph,st_joseph,1820
county,18143,Scott,scott,1890
county,18145,Shelby,shelby,1850
county,18147,Spencer,spencer,1870
county,18149,Starke,starke,1810
county,18151,Steuben,steuben,1830
county,18153,Sullivan,sullivan,1870
county,18155,Switzerland,switzerland,1890
county,18157,Tippecanoe,tippecanoe,1840
county,18159,Tipton,tipton,1850
county,18161,Union,union,1860
county,18163,Vanderburgh,vanderburgh,1870
county,18165,Vermillion,vermillion,1840
county,18167,Vigo,vigo,1840
county,18169,Wabash,wabash,1820
county,18171,Warren,warren,1840
county,18173,Warrick,warrick,1870
county,18175,Washington,washington,1880
county,18177,Wayne,wayne,1860
county,18179,Wells,wells,1830
county,18181,White,white,1810
county,18183,Whitley,whitley,1830
district,1810,Northwest,northwest,1810
district,1820,North Central,north_central,1820
district,1830,Northeast,northeast,1830
district,1840,West Central,west_central,1840
district,1850,Central,central,1850
district,1860,East Central,east_central,1860
district,1870,Southwest,southwest,1870
district,1880,South Central,south_central,1880
district,1890,Southeast,southeast,1890
